deployment,measurement,scenario,trials,checkpoints,tool_dispatches,repeated_reference_tool,other_tool_dispatches,abort,finish,abort_cause_status
gemini,1,nominal,100,849,749,49,700,48,52,not attributed; inspect frozen observations
gemini,1,retrieval_timeout_once,100,949,849,149,700,48,52,not attributed; inspect frozen observations
gemini,1,retrieval_timeout_persistent,100,501,401,101,300,100,0,not attributed; inspect frozen observations
gemini,2,nominal,100,849,749,49,700,48,52,not attributed; inspect frozen observations
gemini,2,retrieval_timeout_once,100,949,849,149,700,48,52,not attributed; inspect frozen observations
gemini,2,retrieval_timeout_persistent,100,501,401,101,300,100,0,not attributed; inspect frozen observations
gemini,3,nominal,100,849,749,49,700,48,52,not attributed; inspect frozen observations
gemini,3,retrieval_timeout_once,100,949,849,149,700,48,52,not attributed; inspect frozen observations
gemini,3,retrieval_timeout_persistent,100,501,401,101,300,100,0,not attributed; inspect frozen observations
jeff,1,nominal,100,849,749,49,700,48,52,not attributed; inspect frozen observations
jeff,1,retrieval_timeout_once,100,949,849,149,700,48,52,not attributed; inspect frozen observations
jeff,1,retrieval_timeout_persistent,100,501,401,101,300,100,0,not attributed; inspect frozen observations
jeff,2,nominal,100,849,749,49,700,48,52,not attributed; inspect frozen observations
jeff,2,retrieval_timeout_once,100,949,849,149,700,48,52,not attributed; inspect frozen observations
jeff,2,retrieval_timeout_persistent,100,501,401,101,300,100,0,not attributed; inspect frozen observations
jeff,3,nominal,100,849,749,49,700,48,52,not attributed; inspect frozen observations
jeff,3,retrieval_timeout_once,100,949,849,149,700,48,52,not attributed; inspect frozen observations
jeff,3,retrieval_timeout_persistent,100,501,401,101,300,100,0,not attributed; inspect frozen observations
jev,1,nominal,100,849,749,49,700,48,52,not attributed; inspect frozen observations
jev,1,retrieval_timeout_once,100,949,849,149,700,48,52,not attributed; inspect frozen observations
jev,1,retrieval_timeout_persistent,100,501,401,101,300,100,0,not attributed; inspect frozen observations
jev,2,nominal,100,849,749,49,700,48,52,not attributed; inspect frozen observations
jev,2,retrieval_timeout_once,100,949,849,149,700,48,52,not attributed; inspect frozen observations
jev,2,retrieval_timeout_persistent,100,501,401,101,300,100,0,not attributed; inspect frozen observations
laya_typed,1,nominal,100,849,749,49,700,48,52,not attributed; inspect frozen observations
laya_typed,1,retrieval_timeout_once,100,949,849,149,700,48,52,not attributed; inspect frozen observations
laya_typed,1,retrieval_timeout_persistent,100,501,401,101,300,100,0,not attributed; inspect frozen observations
laya_typed,2,nominal,100,849,749,49,700,48,52,not attributed; inspect frozen observations
laya_typed,2,retrieval_timeout_once,100,949,849,149,700,48,52,not attributed; inspect frozen observations
laya_typed,2,retrieval_timeout_persistent,100,501,401,101,300,100,0,not attributed; inspect frozen observations
laya_typed,3,nominal,100,849,749,49,700,48,52,not attributed; inspect frozen observations
laya_typed,3,retrieval_timeout_once,100,949,849,149,700,48,52,not attributed; inspect frozen observations
laya_typed,3,retrieval_timeout_persistent,100,501,401,101,300,100,0,not attributed; inspect frozen observations
lfm,1,nominal,100,849,749,49,700,48,52,not attributed; inspect frozen observations
lfm,1,retrieval_timeout_once,100,949,849,149,700,48,52,not attributed; inspect frozen observations
lfm,1,retrieval_timeout_persistent,100,501,401,101,300,100,0,not attributed; inspect frozen observations
lfm,2,nominal,100,849,749,49,700,48,52,not attributed; inspect frozen observations
lfm,2,retrieval_timeout_once,100,949,849,149,700,48,52,not attributed; inspect frozen observations
lfm,2,retrieval_timeout_persistent,100,501,401,101,300,100,0,not attributed; inspect frozen observations
lfm,3,nominal,100,849,749,49,700,48,52,not attributed; inspect frozen observations
lfm,3,retrieval_timeout_once,100,949,849,149,700,48,52,not attributed; inspect frozen observations
lfm,3,retrieval_timeout_persistent,100,501,401,101,300,100,0,not attributed; inspect frozen observations
lfm26,1,nominal,100,849,749,49,700,48,52,not attributed; inspect frozen observations
lfm26,1,retrieval_timeout_once,100,949,849,149,700,48,52,not attributed; inspect frozen observations
lfm26,1,retrieval_timeout_persistent,100,501,401,101,300,100,0,not attributed; inspect frozen observations
lfm26,2,nominal,100,849,749,49,700,48,52,not attributed; inspect frozen observations
lfm26,2,retrieval_timeout_once,100,949,849,149,700,48,52,not attributed; inspect frozen observations
lfm26,2,retrieval_timeout_persistent,100,501,401,101,300,100,0,not attributed; inspect frozen observations
lfm26,3,nominal,100,849,749,49,700,48,52,not attributed; inspect frozen observations
lfm26,3,retrieval_timeout_once,100,949,849,149,700,48,52,not attributed; inspect frozen observations
lfm26,3,retrieval_timeout_persistent,100,501,401,101,300,100,0,not attributed; inspect frozen observations
qwen,1,nominal,100,849,749,49,700,48,52,not attributed; inspect frozen observations
qwen,1,retrieval_timeout_once,100,949,849,149,700,48,52,not attributed; inspect frozen observations
qwen,1,retrieval_timeout_persistent,100,501,401,101,300,100,0,not attributed; inspect frozen observations
qwen,2,nominal,100,849,749,49,700,48,52,not attributed; inspect frozen observations
qwen,2,retrieval_timeout_once,100,949,849,149,700,48,52,not attributed; inspect frozen observations
qwen,2,retrieval_timeout_persistent,100,501,401,101,300,100,0,not attributed; inspect frozen observations
qwen,3,nominal,100,849,749,49,700,48,52,not attributed; inspect frozen observations
qwen,3,retrieval_timeout_once,100,949,849,149,700,48,52,not attributed; inspect frozen observations
qwen,3,retrieval_timeout_persistent,100,501,401,101,300,100,0,not attributed; inspect frozen observations
