controller,comparison_pass,raw_pass,correct,planned,valid_verdicts,macro_f1_4class
gemini,1,1,52,100,100,0.3192090395480226
gemini,2,2,50,100,100,0.3058325024925225
gemini,3,3,50,100,100,0.3058325024925225
jeff,1,1,43,100,100,0.274954684490767
jeff,2,2,43,100,100,0.274954684490767
jeff,3,3,43,100,100,0.274954684490767
jev,1,1,47,100,99,0.30107895404925106
jev,2,2,47,100,99,0.30107895404925106
jev,3,4,47,100,99,0.30107895404925106
laya_typed,1,1,47,100,98,0.25572715572715576
laya_typed,2,2,48,100,99,0.2608805668016194
laya_typed,3,3,48,100,99,0.2608805668016194
lfm,1,1,56,100,99,0.29831880448318804
lfm,2,2,56,100,99,0.29831880448318804
lfm,3,3,56,100,99,0.29831880448318804
lfm26,1,1,45,100,100,0.27164502164502163
lfm26,2,2,46,100,100,0.27723387723387727
lfm26,3,3,46,100,100,0.27723387723387727
qwen,1,1,40,100,100,0.25918612637362637
qwen,2,2,40,100,100,0.25918612637362637
qwen,3,3,40,100,100,0.25918612637362637
include_all,1,1,56,100,99,
include_all,2,2,56,100,99,
include_all,3,3,56,100,99,
include_none,1,1,10,100,100,
include_none,2,2,10,100,100,
include_none,3,3,10,100,100,
