controller,measurement,label,correct,planned,abort_correct,abort_planned,finish_correct,finish_planned,source_sha256
gemini,1,historical_study_a,2299,2299,196,196,104,104,9727d80a4e07105b802dada2165198d7ce5f01556bea01a153786a3567fea73c
gemini,2,original_extension_pass1,2299,2299,196,196,104,104,77e5d09246bf8b3c00ab35f8b9b5fb90c6a285c46c619efe5a0b0b7e23d9d2a9
gemini,3,original_extension_pass3,2299,2299,196,196,104,104,79d469690d81fc8633fdca6d70a52151eb5a8212da535dee358bfbbe91ffff97
jeff,1,original_pass_1,1999,2299,0,196,0,104,
jeff,2,original_pass_2,1999,2299,0,196,0,104,
jeff,3,original_pass_3,1999,2299,0,196,0,104,
jev,1,historical_study_a,2299,2299,196,196,104,104,f08ae4697cc5bbc0cff4410e29ca837b56d4b9344bf842a44419fcdc180309c7
jev,2,workflow_recovery_r1,2299,2299,196,196,104,104,a8ee15122cfe18d06554bb8288438e75cc90f2bd39914e044100fe9dc9b9597c
laya_typed,1,original_pass_1,1368,2299,0,196,0,104,
laya_typed,2,original_pass_2,1368,2299,0,196,0,104,
laya_typed,3,original_pass_3,1368,2299,0,196,0,104,
lfm,1,original_pass_1,907,2299,0,196,104,104,
lfm,2,original_pass_2,907,2299,0,196,104,104,
lfm,3,original_pass_3,907,2299,0,196,104,104,
lfm26,1,original_pass_1,2299,2299,196,196,104,104,
lfm26,2,original_pass_2,2299,2299,196,196,104,104,
lfm26,3,original_pass_3,2299,2299,196,196,104,104,
qwen,1,original_pass_1,2299,2299,196,196,104,104,
qwen,2,original_pass_2,2299,2299,196,196,104,104,
qwen,3,original_pass_3,2299,2299,196,196,104,104,
