case_id,source_group_id,candidate_id,final_grade,label_source
case_001,group_082,C01,2,original_ai
case_001,group_082,C02,2,original_ai
case_001,group_082,C03,2,original_ai
case_001,group_082,C04,2,original_ai
case_001,group_082,C05,2,original_ai
case_001,group_082,C06,2,original_ai
case_001,group_082,C07,2,original_ai
case_001,group_082,C08,2,original_ai
case_001,group_082,C09,2,original_ai
case_001,group_082,C10,2,original_ai
case_002,group_085,C01,0,original_ai
case_002,group_085,C02,1,original_ai
case_002,group_085,C03,1,original_ai
case_002,group_085,C04,0,original_ai
case_002,group_085,C05,0,original_ai
case_002,group_085,C06,0,original_ai
case_002,group_085,C07,0,original_ai
case_002,group_085,C08,2,original_ai
case_002,group_085,C09,0,original_ai
case_002,group_085,C10,0,original_ai
case_003,group_053,C01,1,original_ai
case_003,group_053,C02,1,original_ai
case_003,group_053,C03,1,original_ai
case_003,group_053,C04,1,human_review
case_003,group_053,C05,1,original_ai
case_003,group_053,C06,1,original_ai
case_003,group_053,C07,0,original_ai
case_003,group_053,C08,1,original_ai
case_003,group_053,C09,1,original_ai
case_003,group_053,C10,1,original_ai
case_004,group_083,C01,2,original_ai
case_004,group_083,C02,1,original_ai
case_004,group_083,C03,1,original_ai
case_004,group_083,C04,1,original_ai
case_004,group_083,C05,1,original_ai
case_004,group_083,C06,0,original_ai
case_004,group_083,C07,1,original_ai
case_004,group_083,C08,1,original_ai
case_004,group_083,C09,1,original_ai
case_004,group_083,C10,2,original_ai
case_005,group_011,C01,1,original_ai
case_005,group_011,C02,1,original_ai
case_005,group_011,C03,1,original_ai
case_005,group_011,C04,1,original_ai
case_005,group_011,C05,2,original_ai
case_005,group_011,C06,1,original_ai
case_005,group_011,C07,1,original_ai
case_005,group_011,C08,1,original_ai
case_005,group_011,C09,2,original_ai
case_005,group_011,C10,1,original_ai
case_006,group_080,C01,0,original_ai
case_006,group_080,C02,0,original_ai
case_006,group_080,C03,0,original_ai
case_006,group_080,C04,1,original_ai
case_006,group_080,C05,1,original_ai
case_006,group_080,C06,1,original_ai
case_006,group_080,C07,1,original_ai
case_006,group_080,C08,1,original_ai
case_006,group_080,C09,1,original_ai
case_006,group_080,C10,1,original_ai
case_007,group_034,C01,2,original_ai
case_007,group_034,C02,0,original_ai
case_007,group_034,C03,1,human_review
case_007,group_034,C04,0,original_ai
case_007,group_034,C05,2,original_ai
case_007,group_034,C06,1,original_ai
case_007,group_034,C07,2,original_ai
case_007,group_034,C08,0,original_ai
case_007,group_034,C09,0,original_ai
case_007,group_034,C10,0,original_ai
case_008,group_065,C01,0,original_ai
case_008,group_065,C02,0,original_ai
case_008,group_065,C03,0,original_ai
case_008,group_065,C04,1,original_ai
case_008,group_065,C05,1,original_ai
case_008,group_065,C06,1,original_ai
case_008,group_065,C07,1,original_ai
case_008,group_065,C08,1,original_ai
case_008,group_065,C09,1,original_ai
case_008,group_065,C10,1,original_ai
case_009,group_066,C01,2,original_ai
case_009,group_066,C02,1,original_ai
case_009,group_066,C03,2,original_ai
case_009,group_066,C04,2,original_ai
case_009,group_066,C05,1,original_ai
case_009,group_066,C06,1,original_ai
case_009,group_066,C07,1,original_ai
case_009,group_066,C08,1,original_ai
case_009,group_066,C09,1,original_ai
case_009,group_066,C10,1,original_ai
case_010,group_035,C01,2,original_ai
case_010,group_035,C02,2,original_ai
case_010,group_035,C03,2,original_ai
case_010,group_035,C04,1,original_ai
case_010,group_035,C05,2,original_ai
case_010,group_035,C06,2,original_ai
case_010,group_035,C07,1,original_ai
case_010,group_035,C08,1,original_ai
case_010,group_035,C09,2,original_ai
case_010,group_035,C10,2,original_ai
case_011,group_006,C01,1,original_ai
case_011,group_006,C02,0,original_ai
case_011,group_006,C03,1,original_ai
case_011,group_006,C04,1,original_ai
case_011,group_006,C05,1,original_ai
case_011,group_006,C06,0,original_ai
case_011,group_006,C07,1,human_review
case_011,group_006,C08,1,original_ai
case_011,group_006,C09,1,original_ai
case_011,group_006,C10,2,original_ai
case_012,group_063,C01,2,original_ai
case_012,group_063,C02,1,human_review
case_012,group_063,C03,0,original_ai
case_012,group_063,C04,0,original_ai
case_012,group_063,C05,1,original_ai
case_012,group_063,C06,0,original_ai
case_012,group_063,C07,0,original_ai
case_012,group_063,C08,1,original_ai
case_012,group_063,C09,1,human_review
case_012,group_063,C10,0,original_ai
case_013,group_067,C01,1,original_ai
case_013,group_067,C02,1,original_ai
case_013,group_067,C03,1,original_ai
case_013,group_067,C04,0,original_ai
case_013,group_067,C05,1,original_ai
case_013,group_067,C06,0,original_ai
case_013,group_067,C07,0,original_ai
case_013,group_067,C08,0,original_ai
case_013,group_067,C09,1,original_ai
case_013,group_067,C10,0,original_ai
case_014,group_062,C01,1,original_ai
case_014,group_062,C02,1,original_ai
case_014,group_062,C03,0,original_ai
case_014,group_062,C04,2,original_ai
case_014,group_062,C05,1,original_ai
case_014,group_062,C06,1,original_ai
case_014,group_062,C07,1,original_ai
case_014,group_062,C08,2,original_ai
case_014,group_062,C09,0,original_ai
case_014,group_062,C10,1,original_ai
case_015,group_017,C01,1,human_review
case_015,group_017,C02,1,original_ai
case_015,group_017,C03,1,human_review
case_015,group_017,C04,1,original_ai
case_015,group_017,C05,1,original_ai
case_015,group_017,C06,0,original_ai
case_015,group_017,C07,0,original_ai
case_015,group_017,C08,0,original_ai
case_015,group_017,C09,1,original_ai
case_015,group_017,C10,0,original_ai
case_016,group_054,C01,1,original_ai
case_016,group_054,C02,2,original_ai
case_016,group_054,C03,2,original_ai
case_016,group_054,C04,2,original_ai
case_016,group_054,C05,1,original_ai
case_016,group_054,C06,0,original_ai
case_016,group_054,C07,2,original_ai
case_016,group_054,C08,0,original_ai
case_016,group_054,C09,0,original_ai
case_016,group_054,C10,1,human_review
case_017,group_099,C01,1,original_ai
case_017,group_099,C02,1,original_ai
case_017,group_099,C03,0,original_ai
case_017,group_099,C04,1,original_ai
case_017,group_099,C05,1,original_ai
case_017,group_099,C06,1,original_ai
case_017,group_099,C07,1,original_ai
case_017,group_099,C08,1,original_ai
case_017,group_099,C09,1,original_ai
case_017,group_099,C10,1,original_ai
case_018,group_064,C01,0,original_ai
case_018,group_064,C02,0,original_ai
case_018,group_064,C03,0,original_ai
case_018,group_064,C04,0,original_ai
case_018,group_064,C05,1,original_ai
case_018,group_064,C06,0,original_ai
case_018,group_064,C07,0,original_ai
case_018,group_064,C08,1,original_ai
case_018,group_064,C09,0,original_ai
case_018,group_064,C10,0,original_ai
case_019,group_015,C01,1,original_ai
case_019,group_015,C02,2,original_ai
case_019,group_015,C03,2,original_ai
case_019,group_015,C04,1,original_ai
case_019,group_015,C05,1,original_ai
case_019,group_015,C06,2,original_ai
case_019,group_015,C07,2,original_ai
case_019,group_015,C08,0,original_ai
case_019,group_015,C09,1,original_ai
case_019,group_015,C10,2,original_ai
case_020,group_009,C01,0,original_ai
case_020,group_009,C02,1,original_ai
case_020,group_009,C03,1,original_ai
case_020,group_009,C04,1,original_ai
case_020,group_009,C05,0,original_ai
case_020,group_009,C06,0,original_ai
case_020,group_009,C07,0,original_ai
case_020,group_009,C08,0,original_ai
case_020,group_009,C09,0,original_ai
case_020,group_009,C10,0,original_ai
case_021,group_043,C01,2,original_ai
case_021,group_043,C02,0,original_ai
case_021,group_043,C03,2,original_ai
case_021,group_043,C04,2,original_ai
case_021,group_043,C05,0,original_ai
case_021,group_043,C06,1,original_ai
case_021,group_043,C07,2,original_ai
case_021,group_043,C08,2,original_ai
case_021,group_043,C09,2,original_ai
case_021,group_043,C10,2,original_ai
case_022,group_056,C01,1,original_ai
case_022,group_056,C02,1,original_ai
case_022,group_056,C03,2,original_ai
case_022,group_056,C04,0,original_ai
case_022,group_056,C05,0,original_ai
case_022,group_056,C06,0,original_ai
case_022,group_056,C07,1,original_ai
case_022,group_056,C08,1,original_ai
case_022,group_056,C09,1,original_ai
case_022,group_056,C10,1,original_ai
case_023,group_071,C01,1,original_ai
case_023,group_071,C02,1,original_ai
case_023,group_071,C03,2,original_ai
case_023,group_071,C04,2,original_ai
case_023,group_071,C05,2,original_ai
case_023,group_071,C06,2,original_ai
case_023,group_071,C07,2,user_adjudication_2026-09-23
case_023,group_071,C08,2,original_ai
case_023,group_071,C09,2,original_ai
case_023,group_071,C10,1,original_ai
case_024,group_079,C01,1,original_ai
case_024,group_079,C02,1,original_ai
case_024,group_079,C03,1,original_ai
case_024,group_079,C04,1,original_ai
case_024,group_079,C05,2,original_ai
case_024,group_079,C06,1,original_ai
case_024,group_079,C07,1,original_ai
case_024,group_079,C08,1,original_ai
case_024,group_079,C09,1,original_ai
case_024,group_079,C10,1,original_ai
case_025,group_046,C01,1,original_ai
case_025,group_046,C02,2,original_ai
case_025,group_046,C03,2,original_ai
case_025,group_046,C04,1,original_ai
case_025,group_046,C05,1,original_ai
case_025,group_046,C06,1,original_ai
case_025,group_046,C07,1,original_ai
case_025,group_046,C08,1,original_ai
case_025,group_046,C09,2,original_ai
case_025,group_046,C10,1,original_ai
case_026,group_077,C01,2,original_ai
case_026,group_077,C02,1,original_ai
case_026,group_077,C03,2,original_ai
case_026,group_077,C04,2,original_ai
case_026,group_077,C05,2,original_ai
case_026,group_077,C06,2,original_ai
case_026,group_077,C07,2,original_ai
case_026,group_077,C08,1,original_ai
case_026,group_077,C09,1,original_ai
case_026,group_077,C10,2,original_ai
case_027,group_028,C01,1,original_ai
case_027,group_028,C02,2,original_ai
case_027,group_028,C03,0,original_ai
case_027,group_028,C04,0,original_ai
case_027,group_028,C05,2,original_ai
case_027,group_028,C06,1,human_review
case_027,group_028,C07,2,user_adjudication_2026-09-23
case_027,group_028,C08,1,original_ai
case_027,group_028,C09,1,original_ai
case_027,group_028,C10,2,original_ai
case_028,group_026,C01,2,original_ai
case_028,group_026,C02,2,original_ai
case_028,group_026,C03,2,original_ai
case_028,group_026,C04,2,original_ai
case_028,group_026,C05,2,original_ai
case_028,group_026,C06,2,original_ai
case_028,group_026,C07,2,original_ai
case_028,group_026,C08,2,original_ai
case_028,group_026,C09,2,original_ai
case_028,group_026,C10,2,original_ai
case_029,group_068,C01,1,original_ai
case_029,group_068,C02,1,original_ai
case_029,group_068,C03,1,original_ai
case_029,group_068,C04,1,original_ai
case_029,group_068,C05,1,original_ai
case_029,group_068,C06,1,original_ai
case_029,group_068,C07,1,original_ai
case_029,group_068,C08,1,original_ai
case_029,group_068,C09,1,original_ai
case_029,group_068,C10,1,original_ai
case_030,group_070,C01,1,original_ai
case_030,group_070,C02,1,original_ai
case_030,group_070,C03,1,original_ai
case_030,group_070,C04,1,original_ai
case_030,group_070,C05,1,original_ai
case_030,group_070,C06,1,original_ai
case_030,group_070,C07,0,original_ai
case_030,group_070,C08,1,original_ai
case_030,group_070,C09,1,original_ai
case_030,group_070,C10,0,original_ai
case_031,group_014,C01,2,original_ai
case_031,group_014,C02,2,original_ai
case_031,group_014,C03,2,original_ai
case_031,group_014,C04,2,original_ai
case_031,group_014,C05,1,original_ai
case_031,group_014,C06,2,original_ai
case_031,group_014,C07,2,original_ai
case_031,group_014,C08,2,original_ai
case_031,group_014,C09,2,original_ai
case_031,group_014,C10,2,original_ai
case_032,group_052,C01,2,original_ai
case_032,group_052,C02,1,original_ai
case_032,group_052,C03,0,original_ai
case_032,group_052,C04,1,original_ai
case_032,group_052,C05,0,original_ai
case_032,group_052,C06,1,original_ai
case_032,group_052,C07,1,original_ai
case_032,group_052,C08,1,original_ai
case_032,group_052,C09,1,human_review
case_032,group_052,C10,0,original_ai
case_033,group_097,C01,2,original_ai
case_033,group_097,C02,2,human_review
case_033,group_097,C03,2,human_review
case_033,group_097,C04,0,original_ai
case_033,group_097,C05,2,original_ai
case_033,group_097,C06,0,original_ai
case_033,group_097,C07,0,original_ai
case_033,group_097,C08,0,original_ai
case_033,group_097,C09,1,human_review
case_033,group_097,C10,0,original_ai
case_034,group_010,C01,2,original_ai
case_034,group_010,C02,2,original_ai
case_034,group_010,C03,1,original_ai
case_034,group_010,C04,1,original_ai
case_034,group_010,C05,1,original_ai
case_034,group_010,C06,2,original_ai
case_034,group_010,C07,1,original_ai
case_034,group_010,C08,0,original_ai
case_034,group_010,C09,1,original_ai
case_034,group_010,C10,2,original_ai
case_035,group_051,C01,0,original_ai
case_035,group_051,C02,0,original_ai
case_035,group_051,C03,0,original_ai
case_035,group_051,C04,0,original_ai
case_035,group_051,C05,0,original_ai
case_035,group_051,C06,1,original_ai
case_035,group_051,C07,0,original_ai
case_035,group_051,C08,0,original_ai
case_035,group_051,C09,0,original_ai
case_035,group_051,C10,0,original_ai
case_036,group_092,C01,0,original_ai
case_036,group_092,C02,0,original_ai
case_036,group_092,C03,2,original_ai
case_036,group_092,C04,0,original_ai
case_036,group_092,C05,0,original_ai
case_036,group_092,C06,0,original_ai
case_036,group_092,C07,0,original_ai
case_036,group_092,C08,0,original_ai
case_036,group_092,C09,2,original_ai
case_036,group_092,C10,1,human_review
case_037,group_069,C01,1,original_ai
case_037,group_069,C02,1,human_review
case_037,group_069,C03,1,human_review
case_037,group_069,C04,1,human_review
case_037,group_069,C05,1,human_review
case_037,group_069,C06,1,original_ai
case_037,group_069,C07,1,human_review
case_037,group_069,C08,1,original_ai
case_037,group_069,C09,1,human_review
case_037,group_069,C10,1,human_review
case_038,group_042,C01,2,original_ai
case_038,group_042,C02,2,original_ai
case_038,group_042,C03,0,original_ai
case_038,group_042,C04,2,original_ai
case_038,group_042,C05,0,original_ai
case_038,group_042,C06,1,original_ai
case_038,group_042,C07,1,original_ai
case_038,group_042,C08,0,original_ai
case_038,group_042,C09,1,original_ai
case_038,group_042,C10,1,original_ai
case_039,group_031,C01,0,original_ai
case_039,group_031,C02,0,original_ai
case_039,group_031,C03,0,original_ai
case_039,group_031,C04,0,original_ai
case_039,group_031,C05,0,original_ai
case_039,group_031,C06,0,original_ai
case_039,group_031,C07,0,original_ai
case_039,group_031,C08,0,original_ai
case_039,group_031,C09,0,original_ai
case_039,group_031,C10,0,original_ai
case_040,group_008,C01,1,original_ai
case_040,group_008,C02,1,original_ai
case_040,group_008,C03,2,original_ai
case_040,group_008,C04,2,original_ai
case_040,group_008,C05,1,original_ai
case_040,group_008,C06,2,original_ai
case_040,group_008,C07,1,original_ai
case_040,group_008,C08,2,original_ai
case_040,group_008,C09,1,original_ai
case_040,group_008,C10,1,original_ai
case_041,group_055,C01,1,original_ai
case_041,group_055,C02,2,original_ai
case_041,group_055,C03,1,human_review
case_041,group_055,C04,1,original_ai
case_041,group_055,C05,2,original_ai
case_041,group_055,C06,1,original_ai
case_041,group_055,C07,1,original_ai
case_041,group_055,C08,1,original_ai
case_041,group_055,C09,1,original_ai
case_041,group_055,C10,1,original_ai
case_042,group_061,C01,1,original_ai
case_042,group_061,C02,1,original_ai
case_042,group_061,C03,1,original_ai
case_042,group_061,C04,1,original_ai
case_042,group_061,C05,1,original_ai
case_042,group_061,C06,1,original_ai
case_042,group_061,C07,1,original_ai
case_042,group_061,C08,0,original_ai
case_042,group_061,C09,1,original_ai
case_042,group_061,C10,1,original_ai
case_043,group_030,C01,2,original_ai
case_043,group_030,C02,2,original_ai
case_043,group_030,C03,1,original_ai
case_043,group_030,C04,2,original_ai
case_043,group_030,C05,1,original_ai
case_043,group_030,C06,2,original_ai
case_043,group_030,C07,1,original_ai
case_043,group_030,C08,1,original_ai
case_043,group_030,C09,2,original_ai
case_043,group_030,C10,1,original_ai
case_044,group_039,C01,1,original_ai
case_044,group_039,C02,2,original_ai
case_044,group_039,C03,2,human_review
case_044,group_039,C04,1,original_ai
case_044,group_039,C05,1,original_ai
case_044,group_039,C06,1,original_ai
case_044,group_039,C07,1,original_ai
case_044,group_039,C08,1,original_ai
case_044,group_039,C09,1,human_review
case_044,group_039,C10,0,original_ai
case_045,group_016,C01,0,original_ai
case_045,group_016,C02,1,original_ai
case_045,group_016,C03,2,original_ai
case_045,group_016,C04,1,original_ai
case_045,group_016,C05,1,human_review
case_045,group_016,C06,1,original_ai
case_045,group_016,C07,1,original_ai
case_045,group_016,C08,2,original_ai
case_045,group_016,C09,1,original_ai
case_045,group_016,C10,1,original_ai
case_046,group_036,C01,2,original_ai
case_046,group_036,C02,1,original_ai
case_046,group_036,C03,1,original_ai
case_046,group_036,C04,1,original_ai
case_046,group_036,C05,2,original_ai
case_046,group_036,C06,2,original_ai
case_046,group_036,C07,2,original_ai
case_046,group_036,C08,1,original_ai
case_046,group_036,C09,2,original_ai
case_046,group_036,C10,2,original_ai
case_047,group_094,C01,1,human_review
case_047,group_094,C02,1,original_ai
case_047,group_094,C03,1,original_ai
case_047,group_094,C04,1,original_ai
case_047,group_094,C05,0,original_ai
case_047,group_094,C06,2,original_ai
case_047,group_094,C07,2,original_ai
case_047,group_094,C08,2,original_ai
case_047,group_094,C09,1,original_ai
case_047,group_094,C10,1,original_ai
case_048,group_086,C01,0,original_ai
case_048,group_086,C02,1,human_review
case_048,group_086,C03,0,original_ai
case_048,group_086,C04,1,original_ai
case_048,group_086,C05,1,human_review
case_048,group_086,C06,1,human_review
case_048,group_086,C07,0,original_ai
case_048,group_086,C08,1,human_review
case_048,group_086,C09,1,human_review
case_048,group_086,C10,1,user_adjudication_2026-09-23
case_049,group_100,C01,1,original_ai
case_049,group_100,C02,1,original_ai
case_049,group_100,C03,1,original_ai
case_049,group_100,C04,2,original_ai
case_049,group_100,C05,1,original_ai
case_049,group_100,C06,0,original_ai
case_049,group_100,C07,1,original_ai
case_049,group_100,C08,1,original_ai
case_049,group_100,C09,2,original_ai
case_049,group_100,C10,1,original_ai
case_050,group_073,C01,1,original_ai
case_050,group_073,C02,0,original_ai
case_050,group_073,C03,0,original_ai
case_050,group_073,C04,0,original_ai
case_050,group_073,C05,1,original_ai
case_050,group_073,C06,0,original_ai
case_050,group_073,C07,0,original_ai
case_050,group_073,C08,0,original_ai
case_050,group_073,C09,1,human_review
case_050,group_073,C10,1,original_ai
case_051,group_090,C01,0,original_ai
case_051,group_090,C02,0,human_review
case_051,group_090,C03,0,original_ai
case_051,group_090,C04,0,original_ai
case_051,group_090,C05,0,human_review
case_051,group_090,C06,0,original_ai
case_051,group_090,C07,0,original_ai
case_051,group_090,C08,0,original_ai
case_051,group_090,C09,0,original_ai
case_051,group_090,C10,0,original_ai
case_052,group_044,C01,1,original_ai
case_052,group_044,C02,2,original_ai
case_052,group_044,C03,1,original_ai
case_052,group_044,C04,2,original_ai
case_052,group_044,C05,2,original_ai
case_052,group_044,C06,2,original_ai
case_052,group_044,C07,2,original_ai
case_052,group_044,C08,2,original_ai
case_052,group_044,C09,2,original_ai
case_052,group_044,C10,2,original_ai
case_053,group_058,C01,1,original_ai
case_053,group_058,C02,1,original_ai
case_053,group_058,C03,1,original_ai
case_053,group_058,C04,1,original_ai
case_053,group_058,C05,1,original_ai
case_053,group_058,C06,1,original_ai
case_053,group_058,C07,0,original_ai
case_053,group_058,C08,1,human_review
case_053,group_058,C09,2,original_ai
case_053,group_058,C10,1,original_ai
case_054,group_084,C01,1,original_ai
case_054,group_084,C02,1,original_ai
case_054,group_084,C03,1,original_ai
case_054,group_084,C04,1,original_ai
case_054,group_084,C05,2,original_ai
case_054,group_084,C06,1,human_review
case_054,group_084,C07,1,original_ai
case_054,group_084,C08,1,original_ai
case_054,group_084,C09,1,original_ai
case_054,group_084,C10,1,original_ai
case_055,group_033,C01,0,original_ai
case_055,group_033,C02,0,original_ai
case_055,group_033,C03,0,original_ai
case_055,group_033,C04,0,original_ai
case_055,group_033,C05,1,human_review
case_055,group_033,C06,0,original_ai
case_055,group_033,C07,0,original_ai
case_055,group_033,C08,0,original_ai
case_055,group_033,C09,0,original_ai
case_055,group_033,C10,0,original_ai
case_056,group_048,C01,0,original_ai
case_056,group_048,C02,0,original_ai
case_056,group_048,C03,0,original_ai
case_056,group_048,C04,0,original_ai
case_056,group_048,C05,1,original_ai
case_056,group_048,C06,1,original_ai
case_056,group_048,C07,0,original_ai
case_056,group_048,C08,1,original_ai
case_056,group_048,C09,1,original_ai
case_056,group_048,C10,0,original_ai
case_057,group_027,C01,1,original_ai
case_057,group_027,C02,1,original_ai
case_057,group_027,C03,0,original_ai
case_057,group_027,C04,2,original_ai
case_057,group_027,C05,0,original_ai
case_057,group_027,C06,2,original_ai
case_057,group_027,C07,1,original_ai
case_057,group_027,C08,1,original_ai
case_057,group_027,C09,0,original_ai
case_057,group_027,C10,0,human_review
case_058,group_050,C01,1,original_ai
case_058,group_050,C02,1,original_ai
case_058,group_050,C03,1,human_review
case_058,group_050,C04,1,human_review
case_058,group_050,C05,1,original_ai
case_058,group_050,C06,1,original_ai
case_058,group_050,C07,2,original_ai
case_058,group_050,C08,1,original_ai
case_058,group_050,C09,1,original_ai
case_058,group_050,C10,2,original_ai
case_059,group_088,C01,0,user_adjudication_2026-09-23
case_059,group_088,C02,1,human_review
case_059,group_088,C03,0,human_review
case_059,group_088,C04,0,human_review
case_059,group_088,C05,0,human_review
case_059,group_088,C06,0,human_review
case_059,group_088,C07,1,human_review
case_059,group_088,C08,0,human_review
case_059,group_088,C09,0,original_ai
case_059,group_088,C10,0,original_ai
case_060,group_089,C01,2,original_ai
case_060,group_089,C02,2,original_ai
case_060,group_089,C03,1,original_ai
case_060,group_089,C04,1,original_ai
case_060,group_089,C05,1,original_ai
case_060,group_089,C06,0,original_ai
case_060,group_089,C07,0,original_ai
case_060,group_089,C08,0,original_ai
case_060,group_089,C09,1,original_ai
case_060,group_089,C10,1,original_ai
case_061,group_093,C01,1,original_ai
case_061,group_093,C02,1,original_ai
case_061,group_093,C03,1,original_ai
case_061,group_093,C04,1,original_ai
case_061,group_093,C05,1,original_ai
case_061,group_093,C06,1,original_ai
case_061,group_093,C07,1,original_ai
case_061,group_093,C08,1,original_ai
case_061,group_093,C09,1,original_ai
case_061,group_093,C10,1,original_ai
case_062,group_049,C01,2,original_ai
case_062,group_049,C02,1,original_ai
case_062,group_049,C03,1,original_ai
case_062,group_049,C04,1,original_ai
case_062,group_049,C05,1,original_ai
case_062,group_049,C06,1,original_ai
case_062,group_049,C07,1,original_ai
case_062,group_049,C08,1,original_ai
case_062,group_049,C09,1,original_ai
case_062,group_049,C10,2,original_ai
case_063,group_013,C01,1,original_ai
case_063,group_013,C02,1,original_ai
case_063,group_013,C03,0,original_ai
case_063,group_013,C04,1,original_ai
case_063,group_013,C05,2,original_ai
case_063,group_013,C06,1,original_ai
case_063,group_013,C07,1,original_ai
case_063,group_013,C08,1,original_ai
case_063,group_013,C09,0,original_ai
case_063,group_013,C10,0,original_ai
case_064,group_087,C01,1,original_ai
case_064,group_087,C02,1,original_ai
case_064,group_087,C03,1,original_ai
case_064,group_087,C04,1,original_ai
case_064,group_087,C05,1,original_ai
case_064,group_087,C06,1,original_ai
case_064,group_087,C07,0,original_ai
case_064,group_087,C08,1,human_review
case_064,group_087,C09,1,original_ai
case_064,group_087,C10,0,user_adjudication_2026-09-23
case_065,group_096,C01,1,original_ai
case_065,group_096,C02,1,original_ai
case_065,group_096,C03,1,original_ai
case_065,group_096,C04,1,original_ai
case_065,group_096,C05,1,human_review
case_065,group_096,C06,1,original_ai
case_065,group_096,C07,1,human_review
case_065,group_096,C08,1,original_ai
case_065,group_096,C09,1,original_ai
case_065,group_096,C10,2,original_ai
case_066,group_025,C01,0,original_ai
case_066,group_025,C02,1,human_review
case_066,group_025,C03,0,original_ai
case_066,group_025,C04,0,original_ai
case_066,group_025,C05,0,original_ai
case_066,group_025,C06,0,original_ai
case_066,group_025,C07,0,original_ai
case_066,group_025,C08,0,original_ai
case_066,group_025,C09,0,original_ai
case_066,group_025,C10,0,original_ai
case_067,group_059,C01,2,original_ai
case_067,group_059,C02,2,original_ai
case_067,group_059,C03,1,original_ai
case_067,group_059,C04,0,original_ai
case_067,group_059,C05,1,human_review
case_067,group_059,C06,1,original_ai
case_067,group_059,C07,2,original_ai
case_067,group_059,C08,1,original_ai
case_067,group_059,C09,1,original_ai
case_067,group_059,C10,0,original_ai
case_068,group_091,C01,1,original_ai
case_068,group_091,C02,1,original_ai
case_068,group_091,C03,0,original_ai
case_068,group_091,C04,0,original_ai
case_068,group_091,C05,1,original_ai
case_068,group_091,C06,0,original_ai
case_068,group_091,C07,1,original_ai
case_068,group_091,C08,0,original_ai
case_068,group_091,C09,1,human_review
case_068,group_091,C10,0,original_ai
case_069,group_037,C01,2,original_ai
case_069,group_037,C02,2,original_ai
case_069,group_037,C03,2,human_review
case_069,group_037,C04,2,human_review
case_069,group_037,C05,2,human_review
case_069,group_037,C06,1,original_ai
case_069,group_037,C07,1,original_ai
case_069,group_037,C08,1,original_ai
case_069,group_037,C09,0,original_ai
case_069,group_037,C10,1,original_ai
case_070,group_020,C01,1,original_ai
case_070,group_020,C02,1,original_ai
case_070,group_020,C03,1,original_ai
case_070,group_020,C04,1,original_ai
case_070,group_020,C05,2,original_ai
case_070,group_020,C06,2,original_ai
case_070,group_020,C07,1,original_ai
case_070,group_020,C08,1,original_ai
case_070,group_020,C09,1,original_ai
case_070,group_020,C10,0,original_ai
case_071,group_076,C01,0,original_ai
case_071,group_076,C02,1,original_ai
case_071,group_076,C03,1,original_ai
case_071,group_076,C04,1,original_ai
case_071,group_076,C05,1,original_ai
case_071,group_076,C06,1,original_ai
case_071,group_076,C07,0,original_ai
case_071,group_076,C08,0,original_ai
case_071,group_076,C09,0,original_ai
case_071,group_076,C10,1,original_ai
case_072,group_012,C01,1,original_ai
case_072,group_012,C02,1,original_ai
case_072,group_012,C03,1,original_ai
case_072,group_012,C04,2,original_ai
case_072,group_012,C05,1,original_ai
case_072,group_012,C06,2,original_ai
case_072,group_012,C07,1,original_ai
case_072,group_012,C08,1,original_ai
case_072,group_012,C09,1,original_ai
case_072,group_012,C10,1,original_ai
case_073,group_041,C01,2,original_ai
case_073,group_041,C02,2,original_ai
case_073,group_041,C03,2,original_ai
case_073,group_041,C04,2,original_ai
case_073,group_041,C05,1,original_ai
case_073,group_041,C06,1,original_ai
case_073,group_041,C07,1,original_ai
case_073,group_041,C08,0,original_ai
case_073,group_041,C09,0,original_ai
case_073,group_041,C10,1,original_ai
case_074,group_081,C01,0,human_review
case_074,group_081,C02,1,original_ai
case_074,group_081,C03,1,original_ai
case_074,group_081,C04,1,original_ai
case_074,group_081,C05,0,original_ai
case_074,group_081,C06,0,original_ai
case_074,group_081,C07,0,original_ai
case_074,group_081,C08,1,original_ai
case_074,group_081,C09,0,original_ai
case_074,group_081,C10,0,original_ai
case_075,group_003,C01,1,original_ai
case_075,group_003,C02,1,original_ai
case_075,group_003,C03,1,original_ai
case_075,group_003,C04,2,human_review
case_075,group_003,C05,0,original_ai
case_075,group_003,C06,0,human_review
case_075,group_003,C07,0,original_ai
case_075,group_003,C08,1,original_ai
case_075,group_003,C09,2,original_ai
case_075,group_003,C10,0,original_ai
case_076,group_074,C01,0,original_ai
case_076,group_074,C02,1,original_ai
case_076,group_074,C03,0,original_ai
case_076,group_074,C04,1,original_ai
case_076,group_074,C05,1,original_ai
case_076,group_074,C06,0,original_ai
case_076,group_074,C07,0,original_ai
case_076,group_074,C08,1,original_ai
case_076,group_074,C09,1,original_ai
case_076,group_074,C10,0,original_ai
case_077,group_045,C01,1,original_ai
case_077,group_045,C02,1,original_ai
case_077,group_045,C03,1,human_review
case_077,group_045,C04,1,original_ai
case_077,group_045,C05,0,original_ai
case_077,group_045,C06,1,original_ai
case_077,group_045,C07,1,original_ai
case_077,group_045,C08,1,human_review
case_077,group_045,C09,2,original_ai
case_077,group_045,C10,2,original_ai
case_078,group_060,C01,1,original_ai
case_078,group_060,C02,1,original_ai
case_078,group_060,C03,1,original_ai
case_078,group_060,C04,2,original_ai
case_078,group_060,C05,2,original_ai
case_078,group_060,C06,2,original_ai
case_078,group_060,C07,2,original_ai
case_078,group_060,C08,1,original_ai
case_078,group_060,C09,2,original_ai
case_078,group_060,C10,1,original_ai
case_079,group_004,C01,0,original_ai
case_079,group_004,C02,2,original_ai
case_079,group_004,C03,2,original_ai
case_079,group_004,C04,2,user_adjudication_2026-09-23
case_079,group_004,C05,0,original_ai
case_079,group_004,C06,2,original_ai
case_079,group_004,C07,1,original_ai
case_079,group_004,C08,0,original_ai
case_079,group_004,C09,2,original_ai
case_079,group_004,C10,1,original_ai
case_080,group_005,C01,2,original_ai
case_080,group_005,C02,1,original_ai
case_080,group_005,C03,1,original_ai
case_080,group_005,C04,1,original_ai
case_080,group_005,C05,1,original_ai
case_080,group_005,C06,1,original_ai
case_080,group_005,C07,0,original_ai
case_080,group_005,C08,1,original_ai
case_080,group_005,C09,0,original_ai
case_080,group_005,C10,0,original_ai
case_081,group_024,C01,1,original_ai
case_081,group_024,C02,2,original_ai
case_081,group_024,C03,1,original_ai
case_081,group_024,C04,1,human_review
case_081,group_024,C05,1,original_ai
case_081,group_024,C06,2,original_ai
case_081,group_024,C07,0,original_ai
case_081,group_024,C08,1,original_ai
case_081,group_024,C09,0,human_review
case_081,group_024,C10,0,human_review
case_082,group_007,C01,2,original_ai
case_082,group_007,C02,2,original_ai
case_082,group_007,C03,2,original_ai
case_082,group_007,C04,2,original_ai
case_082,group_007,C05,1,original_ai
case_082,group_007,C06,2,original_ai
case_082,group_007,C07,1,original_ai
case_082,group_007,C08,1,original_ai
case_082,group_007,C09,1,original_ai
case_082,group_007,C10,1,original_ai
case_083,group_023,C01,1,original_ai
case_083,group_023,C02,1,original_ai
case_083,group_023,C03,1,original_ai
case_083,group_023,C04,1,original_ai
case_083,group_023,C05,1,original_ai
case_083,group_023,C06,0,original_ai
case_083,group_023,C07,0,original_ai
case_083,group_023,C08,1,original_ai
case_083,group_023,C09,1,original_ai
case_083,group_023,C10,1,original_ai
case_084,group_057,C01,1,original_ai
case_084,group_057,C02,1,original_ai
case_084,group_057,C03,1,original_ai
case_084,group_057,C04,1,original_ai
case_084,group_057,C05,0,original_ai
case_084,group_057,C06,0,original_ai
case_084,group_057,C07,1,original_ai
case_084,group_057,C08,1,original_ai
case_084,group_057,C09,1,original_ai
case_084,group_057,C10,1,original_ai
case_085,group_040,C01,1,human_review
case_085,group_040,C02,1,human_review
case_085,group_040,C03,1,original_ai
case_085,group_040,C04,0,original_ai
case_085,group_040,C05,0,original_ai
case_085,group_040,C06,0,original_ai
case_085,group_040,C07,0,original_ai
case_085,group_040,C08,0,original_ai
case_085,group_040,C09,1,human_review
case_085,group_040,C10,0,original_ai
case_086,group_075,C01,0,original_ai
case_086,group_075,C02,1,original_ai
case_086,group_075,C03,1,original_ai
case_086,group_075,C04,1,original_ai
case_086,group_075,C05,1,original_ai
case_086,group_075,C06,1,original_ai
case_086,group_075,C07,0,original_ai
case_086,group_075,C08,1,original_ai
case_086,group_075,C09,1,original_ai
case_086,group_075,C10,1,original_ai
case_087,group_002,C01,2,original_ai
case_087,group_002,C02,2,original_ai
case_087,group_002,C03,1,original_ai
case_087,group_002,C04,0,original_ai
case_087,group_002,C05,1,original_ai
case_087,group_002,C06,1,original_ai
case_087,group_002,C07,1,original_ai
case_087,group_002,C08,1,original_ai
case_087,group_002,C09,2,original_ai
case_087,group_002,C10,0,original_ai
case_088,group_018,C01,1,original_ai
case_088,group_018,C02,1,original_ai
case_088,group_018,C03,1,original_ai
case_088,group_018,C04,0,human_review
case_088,group_018,C05,1,original_ai
case_088,group_018,C06,1,original_ai
case_088,group_018,C07,0,original_ai
case_088,group_018,C08,1,original_ai
case_088,group_018,C09,0,original_ai
case_088,group_018,C10,1,original_ai
case_089,group_021,C01,1,original_ai
case_089,group_021,C02,1,original_ai
case_089,group_021,C03,2,original_ai
case_089,group_021,C04,1,original_ai
case_089,group_021,C05,2,original_ai
case_089,group_021,C06,0,original_ai
case_089,group_021,C07,1,original_ai
case_089,group_021,C08,1,original_ai
case_089,group_021,C09,1,original_ai
case_089,group_021,C10,1,original_ai
case_090,group_095,C01,2,original_ai
case_090,group_095,C02,2,original_ai
case_090,group_095,C03,2,original_ai
case_090,group_095,C04,2,human_review
case_090,group_095,C05,1,original_ai
case_090,group_095,C06,0,user_adjudication_2026-09-23
case_090,group_095,C07,2,original_ai
case_090,group_095,C08,0,original_ai
case_090,group_095,C09,0,original_ai
case_090,group_095,C10,0,original_ai
case_091,group_019,C01,0,original_ai
case_091,group_019,C02,0,user_adjudication_2026-09-23
case_091,group_019,C03,0,original_ai
case_091,group_019,C04,0,original_ai
case_091,group_019,C05,1,original_ai
case_091,group_019,C06,0,original_ai
case_091,group_019,C07,0,original_ai
case_091,group_019,C08,0,original_ai
case_091,group_019,C09,2,original_ai
case_091,group_019,C10,0,original_ai
case_092,group_038,C01,1,original_ai
case_092,group_038,C02,1,original_ai
case_092,group_038,C03,1,human_review
case_092,group_038,C04,1,original_ai
case_092,group_038,C05,1,original_ai
case_092,group_038,C06,1,original_ai
case_092,group_038,C07,1,original_ai
case_092,group_038,C08,1,original_ai
case_092,group_038,C09,1,original_ai
case_092,group_038,C10,1,original_ai
case_093,group_078,C01,1,original_ai
case_093,group_078,C02,1,original_ai
case_093,group_078,C03,2,original_ai
case_093,group_078,C04,1,original_ai
case_093,group_078,C05,2,original_ai
case_093,group_078,C06,1,original_ai
case_093,group_078,C07,1,original_ai
case_093,group_078,C08,1,original_ai
case_093,group_078,C09,1,original_ai
case_093,group_078,C10,1,original_ai
case_094,group_001,C01,2,original_ai
case_094,group_001,C02,2,original_ai
case_094,group_001,C03,2,original_ai
case_094,group_001,C04,1,original_ai
case_094,group_001,C05,1,original_ai
case_094,group_001,C06,2,original_ai
case_094,group_001,C07,2,original_ai
case_094,group_001,C08,1,human_review
case_094,group_001,C09,1,human_review
case_094,group_001,C10,1,original_ai
case_095,group_047,C01,1,original_ai
case_095,group_047,C02,1,original_ai
case_095,group_047,C03,1,original_ai
case_095,group_047,C04,2,original_ai
case_095,group_047,C05,0,original_ai
case_095,group_047,C06,0,original_ai
case_095,group_047,C07,1,original_ai
case_095,group_047,C08,1,original_ai
case_095,group_047,C09,1,user_adjudication_2026-09-23
case_095,group_047,C10,1,original_ai
case_096,group_032,C01,2,original_ai
case_096,group_032,C02,1,original_ai
case_096,group_032,C03,1,original_ai
case_096,group_032,C04,1,original_ai
case_096,group_032,C05,1,original_ai
case_096,group_032,C06,2,original_ai
case_096,group_032,C07,2,original_ai
case_096,group_032,C08,2,original_ai
case_096,group_032,C09,2,original_ai
case_096,group_032,C10,2,original_ai
case_097,group_022,C01,1,original_ai
case_097,group_022,C02,1,original_ai
case_097,group_022,C03,1,original_ai
case_097,group_022,C04,0,original_ai
case_097,group_022,C05,0,original_ai
case_097,group_022,C06,1,original_ai
case_097,group_022,C07,1,original_ai
case_097,group_022,C08,1,original_ai
case_097,group_022,C09,1,original_ai
case_097,group_022,C10,2,original_ai
case_098,group_072,C01,2,original_ai
case_098,group_072,C02,2,original_ai
case_098,group_072,C03,2,original_ai
case_098,group_072,C04,2,original_ai
case_098,group_072,C05,2,original_ai
case_098,group_072,C06,2,original_ai
case_098,group_072,C07,2,original_ai
case_098,group_072,C08,2,original_ai
case_098,group_072,C09,1,original_ai
case_098,group_072,C10,2,original_ai
case_099,group_029,C01,2,original_ai
case_099,group_029,C02,2,original_ai
case_099,group_029,C03,2,original_ai
case_099,group_029,C04,1,original_ai
case_099,group_029,C05,1,original_ai
case_099,group_029,C06,2,original_ai
case_099,group_029,C07,2,original_ai
case_099,group_029,C08,2,original_ai
case_099,group_029,C09,2,original_ai
case_099,group_029,C10,2,original_ai
case_100,group_098,C01,1,original_ai
case_100,group_098,C02,1,original_ai
case_100,group_098,C03,1,original_ai
case_100,group_098,C04,2,original_ai
case_100,group_098,C05,2,original_ai
case_100,group_098,C06,0,original_ai
case_100,group_098,C07,1,original_ai
case_100,group_098,C08,0,original_ai
case_100,group_098,C09,0,original_ai
case_100,group_098,C10,1,original_ai
