evidence_set,name,accuracy_pct,accuracy_ci_low,accuracy_ci_high,macro_f1,macro_f1_ci_low,macro_f1_ci_high,delta_accuracy_vs_all_pp,delta_accuracy_ci_low,delta_accuracy_ci_high,delta_macro_f1_vs_all,delta_f1_ci_low,delta_f1_ci_high,mean_valid_per_100
include_all,All snippets,56.00000000000001,47.0,66.0,0.29831880448318804,0.24863454113554842,0.34560127372627364,0.0,0.0,0.0,0.0,0.0,0.0,99.0
include_none,No snippets,10.0,5.0,16.0,0.06409681757059614,0.02964426877470356,0.10007759042033235,-46.00000000000001,-58.00000000000001,-34.0,-0.23422198691259188,-0.2974055815289358,-0.16969698634174152,100.0
majority_class,Always Refuted (reference policy),62.0,52.0,71.0,0.19135802469135801,0.17105263157894737,0.20760233918128654,5.999999999999995,-6.999999999999995,18.000000000000004,-0.10696077979183002,-0.1603312182254635,-0.052209154218356674,100.0
jev,Jev,47.0,37.333333333333336,56.666666666666664,0.30107895404925106,0.23690759213374346,0.36433606102966976,-9.000000000000007,-17.666666666666664,-0.9999999999999898,0.0027601495660630193,-0.049994911204259175,0.06028788211464581,99.0
gemini,Gemini,50.66666666666667,41.0,60.33333333333333,0.31029134817768916,0.2582489383943744,0.35685152963066946,-5.333333333333334,-14.000000000000002,3.3333333333333326,0.011972543694501125,-0.029025228057786297,0.05153171120619651,100.0
qwen,Qwen-4B,40.0,31.0,50.0,0.25918612637362637,0.20482237626591118,0.30934977574327815,-16.000000000000004,-24.000000000000004,-7.9999999999999964,-0.03913267810956167,-0.08108243053039821,3.278853355606661e-05,100.0
lfm26,LFM-2.6B,45.666666666666664,36.00000000000001,55.666666666666664,0.2753709253709254,0.2233673965772011,0.3249928715744439,-10.33333333333334,-18.333333333333336,-2.6666666666666616,-0.022947879112262648,-0.06278427536211136,0.014180519526591478,100.0
jeff,Jeff,43.0,33.666666666666664,52.33333333333333,0.27495468449076693,0.21324127391920628,0.33738442457684664,-13.000000000000005,-23.00000000000001,-3.0000000000000027,-0.023364119992421106,-0.08095665861204983,0.03893026496646769,100.0
laya_typed,Laya typed,47.66666666666667,38.0,57.333333333333336,0.25916276311013153,0.20927560745730428,0.30708926950429377,-8.333333333333337,-15.333333333333332,-2.0000000000000018,-0.039156041373056505,-0.0739439265587062,-0.008723734569274968,98.66666666666667
lfm,LFM-1.2B,56.00000000000001,47.0,66.0,0.29831880448318804,0.24863454113554842,0.34560127372627364,0.0,0.0,0.0,0.0,0.0,0.0,99.0
